earthquake_count_E,min_mag_E,max_mag_E,avg_mag_E,min_depth_E,max_depth_E,avg_depth_E,min_sig_E,max_sig_E,avg_sig_E,high,low,mid,very high
1.9100517375832198,-1.93039313239431,0.7760104386682847,-0.1851454529379602,-0.8386820502999365,-0.17860158842571136,-0.3819671263973985,-1.5946787627066956,0.6873996211858444,-0.20582371495034935,0,0,0,1
1.3886291828610557,-1.085648624766779,0.8894097773719138,-0.2247380959508461,-0.9193720001124931,-0.25753837949462677,-0.21885850055359815,-0.9881213305256791,0.8082451701042666,-0.2532326627206435,1,0,0,0
0.8299621599444517,-1.085648624766779,1.6832051482973138,-0.46229395402816675,0.20356313477891977,0.3852326334951129,0.39100846649141974,-0.9881213305256791,1.707873145385853,-0.4677323856487398,1,0,0,0
0.6251175848750301,-0.7477508217157661,0.8440500418904624,-0.3435160249895073,0.05563156012256599,0.30629584242619745,0.07235431481216921,-0.7091049117224114,0.7545360372516345,-0.3506271315096171,1,0,0,0
0.3644063075139481,-0.7477508217157661,0.20901374515014132,-0.6206645260797139,-0.5024739260809505,0.31193418464540573,0.2377385636673316,-0.7091049117224114,0.11002644302005003,-0.6157565187684895,1,0,0,0
0.3644063075139481,-1.4235464278177916,0.20901374515014132,-0.5216829185474974,-0.7176471255811016,0.1371455758499502,0.005825806774115261,-1.2307443033980856,0.11002644302005003,-0.5244169971132222,1,0,0,0
0.2712951370278474,-1.085648624766779,0.3224130838537706,-0.26433073896373377,0.4523571467009693,0.7235331666476074,0.4339106532644505,-0.9881213305256791,0.22415835033189313,-0.2926542334209423,1,0,0,0
0.21542843473618697,-1.4235464278177916,0.49251209190921297,-0.1851454529379602,-0.27385240161204016,-0.25190003727541854,-0.15895607128392186,-1.2307443033980856,0.3919993904963682,-0.18740121622439262,1,0,0,0
0.1968062006389668,-1.2545975262922853,0.6626110999646564,-0.14555280992507252,-0.3343698639714576,-0.2688150639330433,-0.16544828987516053,-1.1094328169618823,0.5732677138740013,-0.16897871749843588,1,0,0,0
0.15956173244452654,-0.40985301866475415,1.3430071321864279,0.03261408363291752,0.40528800931031134,0.21044402469965734,0.36229545849511685,-0.43008849291914386,1.311768290597692,0.005326462754845884,1,0,0,0
0.06645056195842582,-0.7477508217157661,2.250201841815457,0.4087441922553406,0.7145994835917784,0.5374678734137354,0.5984248109682097,-0.7091049117224114,2.419519155683228,0.45287723599941515,0,0,1,0
0.029206093763985534,-0.40985301866475415,-0.017784932257116214,-0.5414792400539403,0.6675303462011203,0.22172070913807385,0.46864736923200584,-0.43008849291914386,-0.0980964467838991,-0.5585565926543304,0,0,1,0
0.029206093763985534,-1.2545975262922853,0.7760104386682847,0.5671147643068877,-0.8386820502999365,-1.0299912635261559,-1.0092359164704787,-1.1094328169618823,0.6873996211858444,0.4946177226232611,0,0,1,0
0.010583859666765389,-0.2409041171392478,0.6626110999646564,0.012817762126472815,0.4725296341541085,0.22735905135728207,0.3912092567571282,-0.28451470919569993,0.5732677138740013,-0.05110049138479749,0,0,1,0
0.010583859666765389,-0.2409041171392478,1.796604487000943,0.38894787074889764,-0.5562672259559883,-0.16732490398729488,-0.4043217759796018,-0.28451470919569993,1.8488596191240123,0.34221341498125635,0,0,1,0
-0.008038374430454754,-0.7477508217157661,-0.017784932257116214,-0.42270131101528086,0.7213236460761581,0.5205528467561107,0.651768091558078,-0.7091049117224114,-0.1048100883904781,-0.43732882131779016,0,0,1,0
-0.04528284262489504,-0.5788019201902606,-0.357982948368002,-0.561275561560385,-0.7176471255811016,1.1464088330882256,-0.7740435852373584,-0.5756622766425878,-0.4136376022931123,-0.5817457518898005,0,0,1,0
-0.04528284262489504,-0.9166997232412725,0.20901374515014132,-0.5018865970410544,0.40528800931031134,0.26682744689173976,0.43183582051879693,-0.8546786954458554,0.11002644302005003,-0.5012278378777522,0,0,1,0
-0.06390507672211518,-1.2545975262922853,-0.13118427096074448,-0.600868204573271,-0.07212752708064865,-0.34775185500195865,-0.29341861921998874,-1.1094328169618823,-0.20551471248916317,-0.5710529729089999,0,0,1,0
-0.06390507672211518,-0.5788019201902606,1.9100038257045713,0.2503736202037935,2.81926234120263,1.9583301126542125,2.555929111359522,-0.5756622766425878,2.1308325666003305,0.2874612334530635,0,0,1,0
-0.06390507672211518,-0.07195521561374218,-0.017784932257116214,0.11179936965869107,-0.1662658018619647,-0.20115495730254435,-0.2441580740328581,-0.12680977682863562,-0.1048100883904781,0.025037248104995684,0,0,1,0
-0.06390507672211518,-0.5788019201902606,1.2296077934827996,0.27016994171023817,-0.8723028627218351,-0.9736078413340735,-1.0528074041292041,-0.5756622766425878,1.1774954584661117,0.28617294682887046,0,0,1,0
-0.06390507672211518,-0.5788019201902606,0.20901374515014132,-0.26433073896373377,-0.8723028627218351,-1.0243529213069478,-1.0077634545219505,-0.5756622766425878,0.11002644302005003,-0.2911082894719109,0,0,1,0
-0.06390507672211518,0.09699368591176492,1.5698058095936855,0.9828375159421984,-0.8723028627218351,2.155672090326501,2.071622990470831,0.01876400689480834,1.5937412380740101,0.9468063277149246,0,0,1,0
-0.08252731081933533,-0.5788019201902606,-0.24458360966437273,-0.5216829185474974,0.08252821006008486,0.23863573579569855,-0.03265899415333044,-0.5756622766425878,-0.3129329781944273,-0.5389746359666004,0,0,1,0
-0.08252731081933533,-0.07195521561374218,1.3543470660567907,0.6265037288262183,-0.8050612378780378,1.828648241612423,2.0026849992442766,-0.12680977682863562,1.3251955738108498,0.6127536060617386,0,0,1,0
-0.10114954491655546,-0.2409041171392478,0.7760104386682847,0.6660963718391042,0.5666679089354245,0.21044402469965734,0.41249302492221995,-0.28451470919569993,0.6873996211858444,0.6024473130681962,0,0,1,0
-0.10114954491655546,-0.40985301866475415,1.3430071321864279,-0.08616384540574369,0.21701145974767921,-0.12221816623362895,0.02804659617917952,-0.43008849291914386,1.311768290597692,-0.07029596208526992,0,0,1,0
-0.10114954491655546,-0.2409041171392478,1.5698058095936855,0.21078097719090758,-0.6638538257060638,0.3401258957414469,0.46081654886937784,-0.28451470919569993,1.573600313254273,0.19019559332650904,0,0,1,0
-0.11977177901377561,-1.2545975262922853,-0.357982948368002,-1.115572563740798,-0.17298996434634442,-0.14477153511046192,-0.08017935703765468,-1.1094328169618823,-0.4136376022931123,-1.0175731168542153,0,0,1,0
-0.11977177901377561,0.09699368591176492,-0.357982948368002,-0.32371970348306434,-0.8857511876905945,1.9414150859965877,-0.5578593991579678,0.01876400689480834,-0.4136376022931123,-0.3798712378787928,0,0,1,0
-0.13839401311099575,-0.5788019201902606,0.8894097773719138,0.03261408363291752,-0.8723028627218351,2.217693854737792,1.1269717204013208,-0.5756622766425878,0.8082451701042666,0.03186516721321703,0,0,1,0
-0.13839401311099575,0.09699368591176492,-0.357982948368002,-0.026774880886413083,-0.7109229630967219,-0.8608409969499087,-0.8819348880113452,0.01876400689480834,-0.4136376022931123,-0.10430672896395894,0,0,1,0
-0.1570162472082159,-1.5924953293432973,-0.357982948368002,-0.8582203841570345,0.29770140956023583,0.1371455758499502,0.14852075560422695,-1.3520557898342889,-0.4136376022931123,-0.7802707206779063,0,0,1,0
-0.1570162472082159,0.26594258743727056,1.3883668676678795,1.6163198041483868,-0.8723028627218351,2.09365032591521,-0.4650273663121117,0.17646893926187263,1.3587637818437448,1.596618100957759,0,0,1,0
-0.1570162472082159,-1.085648624766779,-0.8115803031825161,-0.8582203841570345,0.7818411084355755,0.34576423796065514,0.5835663313057873,-0.9881213305256791,-0.7896015322615366,-0.8232994939259453,0,0,1,0
-0.1570162472082159,-0.07195521561374218,-0.017784932257116214,-0.26433073896373377,-0.10574833950254724,0.06948546921945128,0.02911747759629122,-0.12680977682863562,-0.1048100883904781,-0.31442627736980017,0,0,1,0
-0.1570162472082159,-0.2409041171392478,0.20901374515014132,0.2503736202037935,-0.778164587940519,2.1669487747649177,1.5607456244200608,-0.28451470919569993,0.11002644302005003,0.18156407294441726,0,0,1,0
-0.1570162472082159,-0.07195521561374218,-0.017784932257116214,-0.20494177444440315,-0.8723028627218351,0.024378731465785352,-0.048923005675711895,-0.12680977682863562,-0.1048100883904781,-0.25001194616016154,0,0,1,0
-0.17563848130543605,-0.07195521561374218,-0.13118427096074448,-0.2247380959508461,1.2794291322796747,0.7742782466204816,1.0542856442148754,-0.12680977682863562,-0.20551471248916317,-0.27616416463127447,0,1,0,0
-0.17563848130543605,-0.2409041171392478,0.5492117612610271,0.48792947828111416,-0.7176471255811016,-1.0412679479645726,-0.9924364642395417,-0.28451470919569993,0.4457085233490003,0.429816905426365,0,1,0,0
-0.17563848130543605,-0.07195521561374218,1.2296077934827996,0.8442632653970961,1.292877457248434,0.7573632199628568,1.1051525115276732,-0.12680977682863562,1.1774954584661117,0.8781406506454492,0,1,0,0
-0.17563848130543605,-0.2409041171392478,-0.6981809644788878,-0.7790350981312609,-0.7176471255811016,-1.0863746857182384,-1.0071610837248253,-0.28451470919569993,-0.6956105497694305,-0.7631365085761426,0,1,0,0
-0.17563848130543605,-0.07195521561374218,0.20901374515014132,0.21078097719090758,0.7145994835917784,0.23299739357649032,0.47333247543186874,-0.12680977682863562,0.11002644302005003,0.13351098186202734,0,1,0,0
-0.1942607154026562,0.09699368591176492,1.6832051482973138,1.418356589083952,2.7520207163588326,2.03162856150392,2.5786184113845727,0.01876400689480834,1.9495642432226974,1.591207297136149,0,1,0,0
-0.1942607154026562,-0.40985301866475415,-0.6981809644788878,-0.6404608475861568,0.6809786711698798,0.3795942912759046,0.605854050799421,-0.43008849291914386,-0.6956105497694305,-0.6504114289592751,0,1,0,0
-0.1942607154026562,-0.07195521561374218,0.20901374515014132,-0.10596016691218664,-0.8723028627218351,0.1371455758499502,-0.7009559285194963,-0.12680977682863562,0.11002644302005003,-0.13831749584264796,0,1,0,0
-0.1942607154026562,-0.07195521561374218,-0.5847816257752595,-0.4029049895088379,-0.7983370753936582,2.014713534846295,-0.05842707825257666,-0.12680977682863562,-0.6016195672773245,-0.44106485252794947,0,1,0,0
-0.1942607154026562,-1.085648624766779,0.09561440644651305,-0.4029049895088379,3.28995371510921,2.392482463533247,3.040436022513921,-0.9881213305256791,0.002608177314785965,-0.38309195443927474,0,1,0,0
-0.1942607154026562,-0.07195521561374218,-0.13118427096074448,-0.36331234649595023,-0.8723028627218351,-1.0581829746221971,-1.037279623581087,-0.12680977682863562,-0.20551471248916317,-0.3798712378787928,0,1,0,0
-0.1942607154026562,1.1106870950648016,-0.017784932257116214,0.7848743008777654,-0.7176471255811016,-0.9397777880188241,-0.9201519685845131,1.0256493443152956,-0.1048100883904781,0.6539787780359071,0,1,0,0
-0.1942607154026562,-0.40985301866475415,3.497594567555372,3.061451274118752,3.0008147282808824,2.3304606991219563,2.8764573055187177,-0.43008849291914386,4.151638690180611,3.6589073289655487,0,1,0,0
-0.1942607154026562,-0.9166997232412725,0.20901374515014132,-0.20494177444440315,-0.7176471255811016,0.9941735931696031,-0.38303800781451003,-0.8546786954458554,0.11002644302005003,-0.20595254361276852,0,1,0,0
-0.1942607154026562,-0.2409041171392478,0.09561440644651305,-0.10596016691218664,0.23045978471643866,0.435977713467987,0.3916777673771144,-0.28451470919569993,0.002608177314785965,-0.15120036208457568,0,1,0,0
-0.1942607154026562,-0.40985301866475415,-0.24458360966437273,-0.10596016691218664,-0.8723028627218351,-0.9792461835532817,-0.9904285615824575,-0.43008849291914386,-0.3129329781944273,-0.16086251176602148,0,1,0,0
-0.21288294949987632,-0.07195521561374218,-0.6981809644788878,-0.5018865970410544,0.7549444584980566,0.2837424735493645,0.5590029888007915,-0.12680977682863562,-0.6956105497694305,-0.5312449162214435,0,1,0,0
-0.21288294949987632,-0.2409041171392478,0.3224130838537706,-0.04657120239285603,-0.7176471255811016,-0.8664793391691169,-0.9201519685845131,-0.28451470919569993,0.22415835033189313,-0.054578865270117745,0,1,0,0
-0.21288294949987632,0.4348914889627777,1.6832051482973138,1.8142830192128199,-0.778164587940519,-1.0863746857182384,-1.0272401102956663,0.3463050202725573,1.707873145385853,1.882102416878877,0,1,0,0
-0.21288294949987632,-1.7614442308688036,0.12963420805760192,-0.5414792400539403,-0.8723028627218351,-1.0976513701566548,-1.1030719006448768,-1.4733672762704924,0.03617638534768099,-0.41955046590392997,0,1,0,0
-0.21288294949987632,0.09699368591176492,-0.8115803031825161,-0.4424976325217238,-0.9193720001124931,-1.1653114767871537,-1.1521985856548682,0.01876400689480834,-0.7896015322615366,-0.47971345125373266,0,1,0,0
-0.21288294949987632,0.6038403904882833,-0.24458360966437273,0.23057729869735052,0.7818411084355755,0.23863573579569855,0.5389239622299502,0.5161411012832419,-0.3129329781944273,0.12152991625703446,0,1,0,0
-0.21288294949987632,0.09699368591176492,-0.24458360966437273,-0.16534913143151725,0.6608061837167406,0.14278391806915844,0.41844980280490274,0.01876400689480834,-0.3129329781944273,-0.23493899265710588,0,1,0,0
-0.21288294949987632,-0.07195521561374218,-0.6981809644788878,-0.4424976325217238,2.6108133041868586,1.7497114505435076,2.3415520376715073,-0.12680977682863562,-0.6956105497694305,-0.4710819308716409,0,1,0,0
-0.21288294949987632,0.4348914889627777,1.0821886531680827,0.9234485514228679,-0.8386820502999365,-1.075098001279822,-1.038417435086768,0.3463050202725573,1.0163680599082157,0.9116361028744616,0,1,0,0
-0.21288294949987632,0.6038403904882833,0.20901374515014132,0.8244669438906513,-0.8723028627218351,-1.0863746857182384,-1.1097649095018238,0.5161411012832419,0.13688100944636605,0.7270246296276375,0,1,0,0
-0.21288294949987632,-0.40985301866475415,-0.24458360966437273,-0.5018865970410544,-0.8386820502999365,-1.0863746857182384,-1.0473191368665076,-0.43008849291914386,-0.3129329781944273,-0.5012278378777522,0,1,0,0
-0.21288294949987632,0.6038403904882833,-0.6981809644788878,-0.10596016691218664,-0.7243712880654812,-1.0187145790877394,-0.9759047323628822,0.5161411012832419,-0.6821832665562725,-0.17477600730730322,0,1,0,0
-0.21288294949987632,0.26594258743727056,-0.357982948368002,-0.04657120239285603,-0.7176471255811016,-0.03764303294550531,-0.20620871381396827,0.17646893926187263,-0.4136376022931123,-0.12324454233959231,0,1,0,0
-0.21288294949987632,0.09699368591176492,0.8894097773719138,0.6858926933455489,0.40528800931031134,0.31193418464540573,0.4139654868707483,0.01876400689480834,0.8216724533174246,0.6711129901376708,0,1,0,0
-0.21288294949987632,0.09699368591176492,1.1162084547791704,0.9432448729293125,1.0037384704201062,0.667149744455525,0.8713657121545118,0.01876400689480834,1.0499362679411106,0.9374018353583171,0,1,0,0
-0.21288294949987632,-0.2409041171392478,-0.6981809644788878,-0.5018865970410544,1.292877457248434,0.7178948244283991,1.0609786530718224,-0.28451470919569993,-0.6956105497694305,-0.5269935703616077,0,1,0,0
-0.21288294949987632,0.09699368591176492,-0.24458360966437273,0.23057729869735052,-0.8723028627218351,-1.007437894649323,-0.9982593819450857,0.01876400689480834,-0.2189419957023212,0.19019559332650904,0,1,0,0
-0.23150518359709646,-0.07195521561374218,-0.357982948368002,-0.20494177444440315,-0.8723028627218351,-1.0299912635261559,-1.0506656412949813,-0.12680977682863562,-0.4136376022931123,-0.2542632920199975,0,1,0,0
-0.23150518359709646,0.26594258743727056,-0.13118427096074448,0.19098465568446463,0.2573564346539575,-0.1278565084528372,0.04698781124433984,0.17646893926187263,-0.20551471248916317,0.10645696275397881,0,1,0,0
-0.23150518359709646,1.1106870950648016,-0.017784932257116214,0.7848743008777654,0.21701145974767921,-0.2462616950562103,-0.043367808324445735,1.0256493443152956,-0.1048100883904781,0.6539787780359071,0,1,0,0
-0.23150518359709646,-0.07195521561374218,1.1162084547791704,1.081819123474415,-0.1326449894400661,2.392482463533247,1.3487780339205468,-0.12680977682863562,1.0499362679411106,1.1499691283501245,0,1,0,0
-0.23150518359709646,-0.40985301866475415,-0.6981809644788878,-0.6998498121054875,0.26408059713833726,-0.07711142847996301,0.08045285552907523,-0.43008849291914386,-0.6956105497694305,-0.6858393111245763,0,1,0,0
-0.23150518359709646,-0.2409041171392478,-0.24458360966437273,-0.20494177444440315,-0.8723028627218351,-1.1822265034447785,-1.1410212608637669,-0.28451470919569993,-0.2860784117681112,-0.21561469329421432,0,1,0,0
-0.23150518359709646,-0.7477508217157661,1.3430071321864279,0.883855908409982,-0.7041988006123421,0.7517248777436486,0.09049236881449585,-0.7091049117224114,1.7347277118121691,1.497806516882173,0,1,0,0
-0.23150518359709646,-0.2409041171392478,-0.6981809644788878,-0.600868204573271,-0.7176471255811016,-1.0187145790877394,-0.9670030305831427,-0.1632032227594966,-0.6956105497694305,-0.5441277824633712,0,1,0,0
-0.23150518359709646,-0.40985301866475415,-0.9249796418861453,-0.8978130271699222,-0.8723028627218351,0.5036378200984859,-0.1404164367501784,-0.43008849291914386,-0.8835925147536426,-0.8661994385115644,0,1,0,0
-0.23150518359709646,0.4348914889627777,-0.5847816257752595,-0.10596016691218664,-0.8723028627218351,-1.1314814234719044,-1.1109027210075049,0.3463050202725573,-0.6016195672773245,-0.183407527689395,0,1,0,0
-0.23150518359709646,-0.40985301866475415,-1.265177657997031,-1.1947578497665716,0.8759793832168915,0.26118910467253154,0.5857750242285797,-0.43008849291914386,-1.138710895803645,-1.1109738971081913,0,1,0,0
-0.23150518359709646,-0.7477508217157661,-1.3785769967006598,-1.491702672363223,0.8827035457012713,0.2837424735493645,0.6025075463709474,-0.7091049117224114,-1.219274595082593,-1.3364240563419263,0,1,0,0
-0.23150518359709646,0.26594258743727056,-0.6981809644788878,-0.30392338197661967,0.45908130918534906,-0.03200469072629707,0.20427351938259622,0.17646893926187263,-0.6956105497694305,-0.36376765507638315,0,1,0,0
-0.23150518359709646,1.4485848981158143,0.09561440644651305,1.081819123474415,-0.14609331440882556,-0.5563705171126636,-0.40813679102806155,1.401714952267526,0.002608177314785965,0.9567261347212086,0,1,0,0
-0.23150518359709646,0.4348914889627777,-0.6981809644788878,-0.20494177444440315,0.9566693330294481,0.35704092239907165,0.6828236526543124,0.3463050202725573,-0.6956105497694305,-0.2735875913828891,0,1,0,0
-0.23150518359709646,1.9554316026923326,0.8894097773719138,2.0716351987965833,-0.8790270252062148,-1.1991415301024033,-1.154407278577661,1.9718789385176816,0.8082451701042666,2.032445465922174,0,1,0,0
-0.23150518359709646,-0.40985301866475415,-0.47138228707163027,-0.5018865970410544,-0.825233725331177,-0.9003093924843664,-0.950270508440775,-0.43008849291914386,-0.5076285847852184,-0.5054791837375882,0,1,0,0
-0.23150518359709646,0.6038403904882833,1.1162084547791704,1.4777455536032826,-0.6705779881904436,2.009075192627087,0.853495378506463,0.5161411012832419,1.0566499095476898,1.497806516882173,0,1,0,0
-0.2501274176943166,-1.085648624766779,-1.8321743515151745,-2.085592317556524,0.8087377583730944,0.19352899804203264,0.5121519268021618,-0.9881213305256791,-1.5281021089852271,-1.7808829416884329,0,1,0,0
-0.2501274176943166,1.9554316026923326,0.20901374515014132,1.4777455536032826,-0.7176471255811016,-1.0863746857182384,-1.0071610837248253,1.9718789385176816,0.11002644302005003,1.362536421341932,0,1,0,0
-0.2501274176943166,2.12438050421784,0.3224130838537706,1.6757087686677175,0.08252821006008486,-0.4154119616324575,-0.21069302974812273,2.178108465459227,0.22415835033189313,1.5815451474547033,0,1,0,0
-0.2501274176943166,0.941738193539296,-0.47138228707163027,0.2899662632166811,0.8087377583730944,0.19352899804203264,0.5121519268021618,0.8558132633046112,-0.5076285847852184,0.1773127270845813,0,1,0,0
-0.2501274176943166,0.941738193539296,-0.47138228707163027,0.2899662632166811,0.936496845576309,0.3006575002069892,0.6393190950841564,0.8558132633046112,-0.5076285847852184,0.1773127270845813,0,1,0,0
-0.2501274176943166,0.26594258743727056,-0.9249796418861453,-0.5018865970410544,0.7885652709199552,0.1766139713844079,0.4920729002313206,0.17646893926187263,-0.8835925147536426,-0.5441277824633712,0,1,0,0
-0.2501274176943166,0.6038403904882833,-0.6981809644788878,-0.10596016691218664,-0.0519550396275095,-0.5281788060166224,-0.3445532068870643,0.5161411012832419,-0.6956105497694305,-0.183407527689395,0,1,0,0
-0.2501274176943166,1.7864827011668272,0.09561440644651305,1.2797823385388496,0.29770140956023583,-0.2349850106177938,0.0034832536741838216,1.7777805602197563,0.002608177314785965,1.1564105614710884,0,1,0,0
-0.2501274176943166,0.09699368591176492,-1.0383789805897736,-0.6998498121054875,0.8625310582481321,0.23863573579569855,0.5656959976577385,0.01876400689480834,-0.9708698556391697,-0.7116050436084317,0,1,0,0
-0.2501274176943166,-0.40985301866475415,-1.3785769967006598,-1.293739457298789,0.9499451705450684,0.31193418464540573,0.6527051127980505,-0.43008849291914386,-1.219274595082593,-1.1882710945597574,0,1,0,0
-0.2501274176943166,0.09699368591176492,-1.0383789805897736,-0.6998498121054875,0.7885652709199552,0.1766139713844079,0.4920729002313206,0.01876400689480834,-0.9708698556391697,-0.7116050436084317,0,1,0,0
-0.2501274176943166,1.1106870950648016,-0.357982948368002,0.48792947828111416,-0.7176471255811016,-1.0863746857182384,-1.0071610837248253,1.0256493443152956,-0.4136376022931123,0.35767285447156943,0,1,0,0
-0.2501274176943166,0.4348914889627777,-0.8115803031825161,-0.30392338197661967,-0.7916129129092785,-1.148396450129529,-1.080784181151243,0.3463050202725573,-0.7896015322615366,-0.36376765507638315,0,1,0,0
-0.2501274176943166,-1.7614442308688036,-2.285771706329689,-2.8774451778142582,-0.07212752708064865,-0.5450938326742472,-0.3646322334579056,-1.461236127626872,-1.7899341316418083,-2.2833147251236143,0,1,0,0
-0.2501274176943166,1.1106870950648016,-0.357982948368002,0.48792947828111416,-0.6167846883154058,-1.0017995524301149,-0.906765950870619,1.0256493443152956,-0.4136376022931123,0.35767285447156943,0,1,0,0
-0.2501274176943166,-0.07195521561374218,-1.1517783192934028,-0.8978130271699222,0.506150446576007,-0.060196401822338284,0.2109665282395433,-0.12680977682863562,-1.0514335549181177,-0.8661994385115644,0,1,0,0
-0.2501274176943166,0.7727892920137889,-0.5847816257752595,0.09200304815224637,-0.7176471255811016,-1.0863746857182384,-1.0071610837248253,0.6859771822939265,-0.6016195672773245,-0.003047400302406844,0,1,0,0
-0.2501274176943166,0.7727892920137889,-0.5847816257752595,0.09200304815224637,-0.5764397134091275,-0.9679694991148653,-0.8666078977289365,0.6859771822939265,-0.6016195672773245,-0.003047400302406844,0,1,0,0
-0.2501274176943166,0.6038403904882833,-0.6981809644788878,-0.10596016691218664,-0.778164587940519,-1.1371197656911125,-1.0673981634373488,0.5161411012832419,-0.6956105497694305,-0.183407527689395,0,1,0,0
-0.2501274176943166,-0.2409041171392478,-1.265177657997031,-1.095776242234355,0.9701176579982076,0.32884921130303046,0.6727841393688918,-0.28451470919569993,-1.138710895803645,-1.033676699656625,0,1,0,0
-0.2501274176943166,0.4348914889627777,-0.8115803031825161,-0.30392338197661967,0.6473578587479811,0.058208784781034806,0.35151971423543193,0.3463050202725573,-0.7896015322615366,-0.36376765507638315,0,1,0,0
-0.2501274176943166,-0.5788019201902606,-1.4919763354042885,-1.491702672363223,1.3063257822171934,0.6107663222634425,1.0074345822162458,-0.5756622766425878,-1.299838294361541,-1.3428654894628902,0,1,0,0
-0.2501274176943166,-0.2409041171392478,-1.265177657997031,-1.095776242234355,-0.7176471255811016,-1.0863746857182384,-1.0071610837248253,-0.28451470919569993,-1.138710895803645,-1.033676699656625,0,1,0,0
-0.2501274176943166,-0.9166997232412725,-1.7187750128115458,-1.88762910249209,-0.2469557516745213,-0.6916907303736615,-0.5386504637385297,-0.8546786954458554,-1.454252051312858,-1.639171413027228,0,1,0,0
-0.2501274176943166,1.61753379964132,-0.017784932257116214,1.081819123474415,-0.7176471255811016,-1.0863746857182384,-1.0071610837248253,1.583682181921831,-0.1048100883904781,0.9502847016002448,0,1,0,0
-0.2501274176943166,0.26594258743727056,-0.9249796418861453,-0.5018865970410544,-0.778164587940519,-1.1371197656911125,-1.0673981634373488,0.17646893926187263,-0.8835925147536426,-0.5441277824633712,0,1,0,0
-0.2501274176943166,-0.7477508217157661,-1.6053756741079168,-1.689665887427656,0.35149470943527356,-0.18987827286412787,0.057027324529760455,-0.7091049117224114,-1.37368835203391,-1.4845770181240951,0,1,0,0
-0.2501274176943166,0.7727892920137889,-0.5847816257752595,0.09200304815224637,-0.6773021506748232,-1.052544632402989,-0.9670030305831427,0.6859771822939265,-0.6016195672773245,-0.003047400302406844,0,1,0,0
-0.2501274176943166,-0.40985301866475415,-1.3785769967006598,-1.293739457298789,-0.6100605258310261,-0.9961612102109065,-0.9000729420136719,-0.43008849291914386,-1.219274595082593,-1.1882710945597574,0,1,0,0
-0.2501274176943166,0.7727892920137889,-0.5847816257752595,0.09200304815224637,0.6339095337792218,0.04693210034261832,0.3381336965215378,0.6859771822939265,-0.6016195672773245,-0.003047400302406844,0,1,0,0
-0.2501274176943166,3.8645541899305527,1.490426272501145,3.7147298838313834,-0.8050612378780378,-1.1596731345679456,-1.0941701988651371,4.4466332618162285,1.479609330762167,3.990641134695188,0,1,0,0
-0.2501274176943166,0.26594258743727056,-0.9249796418861453,-0.5018865970410544,-0.8117854003624176,-1.1653114767871537,-1.1008632077220843,0.17646893926187263,-0.8835925147536426,-0.5441277824633712,0,1,0,0
-0.2501274176943166,0.09699368591176492,-1.0383789805897736,-0.6998498121054875,0.23718394720081837,-0.285730090590668,-0.056753826038339894,0.01876400689480834,-0.9708698556391697,-0.7116050436084317,0,1,0,0
-0.2501274176943166,3.644920617947395,1.3430071321864279,3.45737770424762,-0.7041988006123421,-1.075098001279822,-0.993775066010931,4.14335454572572,1.311768290597692,3.6685694786469947,0,1,0,0
-0.2501274176943166,0.26594258743727056,-0.9249796418861453,-0.5018865970410544,-0.8723028627218351,-1.2160565567600279,-1.161100287434608,0.17646893926187263,-0.8835925147536426,-0.5441277824633712,0,1,0,0
-0.2501274176943166,0.4348914889627777,-0.8115803031825161,-0.30392338197661967,-0.8723028627218351,-1.2160565567600279,-1.161100287434608,0.3463050202725573,-0.7896015322615366,-0.36376765507638315,0,1,0,0
-0.2501274176943166,0.09699368591176492,-1.0383789805897736,-0.6998498121054875,1.0373592828420048,0.3852326334951129,0.7397142279383626,0.01876400689480834,-0.9708698556391697,-0.7116050436084317,0,1,0,0
-0.2501274176943166,0.941738193539296,-0.47138228707163027,0.2899662632166811,-0.852130375268696,-1.1991415301024033,-1.1410212608637669,0.8679444119482315,-0.5009149431786394,0.19019559332650904,0,1,0,0
-0.2501274176943166,0.09699368591176492,-1.0383789805897736,-0.6998498121054875,-0.6167846883154058,-1.0017995524301149,-0.906765950870619,0.01876400689480834,-0.9708698556391697,-0.7116050436084317,0,1,0,0
-0.2501274176943166,2.800176110319864,0.7760104386682847,2.467561628925451,3.148746302937236,2.155672090326501,2.8413190090197453,3.0151577218690297,0.6873996211858444,2.4704629181477165,0,1,0,0
-0.2501274176943166,2.4453834171163007,0.5378718273906645,2.0518388772901406,-0.8386820502999365,-1.1878648456639869,-1.1276352431498726,2.5663052220550777,0.4389948817424213,1.9937968671963906,0,1,0,0
-0.2501274176943166,0.7727892920137889,-0.5847816257752595,0.09200304815224637,2.8528831536245285,1.9075850326813384,2.546826619314074,0.6859771822939265,-0.6016195672773245,-0.003047400302406844,0,1,0,0
-0.2501274176943166,-0.40985301866475415,-1.3785769967006598,-1.293739457298789,0.035459072669426835,-0.4548803571669153,-0.2575440917467523,-0.43008849291914386,-1.219274595082593,-1.1882710945597574,0,1,0,0
-0.2501274176943166,0.26594258743727056,-0.9249796418861453,-0.5018865970410544,3.0008147282808824,2.03162856150392,2.6940728141669097,0.17646893926187263,-0.8835925147536426,-0.5441277824633712,0,1,0,0
-0.2501274176943166,3.3070228148963823,1.1162084547791704,3.061451274118752,0.8961518706700307,0.26682744689173976,0.5991610419424739,3.6702397486245277,1.0499362679411106,3.1661376952118134,0,1,0,0
-0.2501274176943166,0.09699368591176492,-1.0383789805897736,-0.6998498121054875,-0.589888038377887,-0.9792461835532817,-0.8799939154428307,0.01876400689480834,-0.9708698556391697,-0.7116050436084317,0,1,0,0
